fold,epoch,train/box_loss,train/cls_loss,train/dfl_loss,metrics/precision(B),metrics/recall(B),metrics/mAP50(B),metrics/mAP50-95(B)
0,0,2.12328,3.21249,1.75489,0.63267,0.15475,0.11735,0.05608
0,1,1.6667,2.15161,1.38753,0.39248,0.31616,0.24464,0.13141
0,2,1.54951,1.85536,1.33802,0.37495,0.29074,0.21374,0.08194
0,3,1.51636,1.81486,1.31262,0.3759,0.31374,0.1978,0.10546
0,4,1.47996,1.75822,1.30455,0.44528,0.30318,0.26311,0.14791
0,5,1.41712,1.64368,1.25353,0.41873,0.32488,0.28986,0.16042
0,6,1.44336,1.63944,1.27908,0.4472,0.36714,0.31361,0.16748
0,7,1.39142,1.57895,1.25174,0.4304,0.39788,0.30697,0.18212
0,8,1.41505,1.56183,1.26391,0.4417,0.3717,0.31788,0.16731
0,9,1.36723,1.50926,1.24105,0.4366,0.42876,0.34055,0.18618
0,10,1.33969,1.47579,1.22518,0.43295,0.43139,0.33284,0.21387
0,11,1.33337,1.47404,1.2283,0.49065,0.4555,0.39409,0.23491
0,12,1.32345,1.4172,1.21787,0.47267,0.44194,0.39365,0.23315
0,13,1.30914,1.39801,1.20974,0.43257,0.47858,0.36032,0.22331
0,14,1.29483,1.33125,1.1995,0.47311,0.49229,0.36898,0.19422
0,15,1.26399,1.33226,1.1858,0.48346,0.48678,0.4096,0.23456
0,16,1.29473,1.34337,1.20849,0.52664,0.44904,0.43184,0.24465
0,17,1.29235,1.33991,1.19628,0.44092,0.46967,0.44069,0.26307
0,18,1.28062,1.29246,1.19607,0.54981,0.41979,0.44898,0.16079
0,19,1.27234,1.29938,1.18993,0.36933,0.49175,0.37152,0.23677
0,20,1.25456,1.27779,1.18334,0.57985,0.44803,0.45617,0.26647
0,21,1.25449,1.27339,1.18644,0.52243,0.46816,0.44218,0.25584
0,22,1.26663,1.27063,1.18897,0.52823,0.44333,0.45118,0.27765
0,23,1.24366,1.24597,1.18514,0.50615,0.46988,0.45631,0.26956
0,24,1.24906,1.27483,1.18669,0.4303,0.52994,0.47071,0.2969
0,25,1.23768,1.24539,1.17063,0.35297,0.53331,0.38188,0.24601
0,26,1.23056,1.20227,1.18012,0.4183,0.538,0.46373,0.30468
0,27,1.22955,1.20533,1.16677,0.42382,0.53168,0.48094,0.29601
0,28,1.24413,1.19274,1.16886,0.51824,0.4797,0.45583,0.282
0,29,1.2093,1.19659,1.16223,0.52802,0.4561,0.46763,0.29526
0,30,1.20715,1.16863,1.16319,0.52612,0.51554,0.50255,0.29126
0,31,1.19824,1.19356,1.15722,0.56487,0.44623,0.46259,0.26689
0,32,1.24218,1.19622,1.18476,0.42644,0.56943,0.49463,0.32779
0,33,1.19132,1.15557,1.14818,0.63616,0.44269,0.50413,0.29682
0,34,1.17192,1.13933,1.14751,0.6073,0.46334,0.51826,0.35142
0,35,1.18787,1.13695,1.15581,0.59797,0.46806,0.49813,0.26988
0,36,1.23641,1.13479,1.17282,0.60368,0.49103,0.51021,0.23856
0,37,1.21094,1.14529,1.16222,0.5756,0.47128,0.48893,0.25894
0,38,1.19282,1.11885,1.15659,0.66172,0.44028,0.51871,0.34577
0,39,1.17342,1.13592,1.1564,0.64175,0.43763,0.50248,0.27307
0,40,1.18875,1.11615,1.15581,0.39311,0.54791,0.49959,0.28528
0,41,1.1684,1.10457,1.14682,0.39991,0.58234,0.51317,0.34206
0,42,1.16793,1.08411,1.14971,0.42518,0.60167,0.52448,0.33948
0,43,1.15627,1.08263,1.13699,0.40651,0.5943,0.51737,0.33268
0,44,1.14208,1.08846,1.12967,0.49263,0.54406,0.51263,0.32174
0,45,1.16915,1.0457,1.14768,0.55067,0.55958,0.55258,0.34415
0,46,1.14115,1.06014,1.13572,0.49698,0.54352,0.52312,0.31511
0,47,1.19674,1.06938,1.15852,0.45128,0.62211,0.5352,0.31789
0,48,1.15371,1.02303,1.13175,0.50899,0.56099,0.54634,0.36573
0,49,1.16317,1.05905,1.1386,0.4051,0.60295,0.50377,0.32192
0,50,1.15319,1.0431,1.13608,0.48664,0.58812,0.54969,0.28736
0,51,1.14728,1.02536,1.1272,0.5613,0.51392,0.54627,0.33154
0,52,1.13233,1.05258,1.13494,0.50154,0.57399,0.52147,0.33552
0,53,1.11862,1.03002,1.12115,0.48132,0.57818,0.54137,0.3171
0,54,1.13818,1.02755,1.12629,0.59949,0.54997,0.57015,0.3814
0,55,1.14668,1.03536,1.12991,0.51653,0.6008,0.5867,0.38371
0,56,1.15371,1.014,1.14022,0.53697,0.57938,0.56616,0.37501
0,57,1.11227,1.00439,1.11376,0.60327,0.56334,0.58458,0.39374
0,58,1.12119,1.00719,1.12631,0.53158,0.5669,0.55578,0.35964
0,59,1.10328,0.98199,1.11498,0.57591,0.56765,0.58843,0.3674
0,60,1.11417,0.97721,1.1172,0.57827,0.58012,0.58355,0.36974
0,61,1.11893,0.97421,1.11995,0.52493,0.60172,0.58556,0.39852
0,62,1.10755,0.95692,1.12097,0.60013,0.57677,0.6077,0.37522
0,63,1.08934,0.96848,1.10383,0.50573,0.59926,0.54804,0.31645
0,64,1.09517,0.98318,1.12111,0.56544,0.58306,0.60153,0.37527
0,65,1.13016,0.97834,1.13007,0.53877,0.60015,0.59546,0.36589
0,66,1.092,0.95084,1.10138,0.55041,0.60462,0.60794,0.37247
0,67,1.11203,0.97345,1.12583,0.52322,0.62939,0.6093,0.41799
0,68,1.09028,0.96482,1.10805,0.57982,0.61074,0.60723,0.41467
0,69,1.09047,0.95343,1.10374,0.57174,0.59664,0.6264,0.42558
0,70,1.11213,0.94645,1.12264,0.53036,0.66242,0.62621,0.42224
0,71,1.08346,0.92332,1.10561,0.55663,0.60224,0.60774,0.38894
0,72,1.11051,0.93466,1.11744,0.54108,0.65021,0.63419,0.42365
0,73,1.09516,0.94213,1.11002,0.59671,0.59113,0.61623,0.37565
0,74,1.07196,0.91304,1.0994,0.58475,0.59857,0.62965,0.42133
0,75,1.07557,0.93415,1.10271,0.53584,0.63327,0.62212,0.39394
0,76,1.08748,0.93757,1.10522,0.57076,0.61272,0.64204,0.43724
0,77,1.06486,0.9273,1.09783,0.53499,0.65996,0.63065,0.38647
0,78,1.06206,0.91902,1.09554,0.50223,0.64787,0.60472,0.39841
0,79,1.05983,0.92216,1.09246,0.54633,0.63969,0.62012,0.39384
0,80,1.05734,0.90466,1.09085,0.56049,0.64255,0.64943,0.41895
0,81,1.05013,0.88927,1.08832,0.54945,0.66137,0.65765,0.43715
0,82,1.0393,0.90094,1.08741,0.56149,0.64456,0.66666,0.44802
0,83,1.07415,0.90348,1.0994,0.57872,0.6609,0.6587,0.45403
0,84,1.06713,0.89995,1.09318,0.57494,0.65074,0.66178,0.45842
0,85,1.04967,0.87981,1.08884,0.55786,0.66668,0.65293,0.43858
0,86,1.04822,0.88521,1.09736,0.64472,0.61136,0.67075,0.45631
0,87,1.04319,0.88488,1.08237,0.63374,0.59001,0.65436,0.44345
0,88,1.04467,0.87269,1.08171,0.55955,0.6713,0.66387,0.43378
0,89,1.03395,0.87447,1.07622,0.58235,0.65654,0.66749,0.44918
0,90,1.02978,0.85882,1.11466,0.6314,0.59819,0.65369,0.44364
0,91,1.0114,0.83887,1.11879,0.5935,0.64601,0.67283,0.43883
0,92,1.01006,0.8376,1.10969,0.58856,0.67225,0.67926,0.45964
0,93,0.99803,0.8298,1.10901,0.58407,0.65618,0.67177,0.45665
0,94,0.98948,0.82639,1.09537,0.61108,0.63755,0.68185,0.4471
0,95,1.00476,0.82731,1.1062,0.61892,0.64665,0.68069,0.44958
0,96,0.99539,0.80878,1.09074,0.57551,0.66755,0.68336,0.45664
0,97,0.98982,0.81297,1.10152,0.59482,0.6667,0.68745,0.46168
0,98,0.99043,0.81079,1.10855,0.60113,0.66007,0.68787,0.46715
0,99,0.9869,0.8065,1.09717,0.60855,0.66139,0.68918,0.47076
1,0,2.13273,3.21075,1.75671,0.63734,0.10959,0.11518,0.05744
1,1,1.63003,2.06931,1.35156,0.35411,0.38897,0.21355,0.08754
1,2,1.54448,1.84507,1.32608,0.36758,0.40056,0.21512,0.0964
1,3,1.50854,1.80437,1.30552,0.47346,0.22967,0.24088,0.12409
1,4,1.48399,1.79444,1.30472,0.42108,0.36384,0.27261,0.14019
1,5,1.41325,1.66285,1.25913,0.40626,0.33959,0.28511,0.16696
1,6,1.41899,1.64815,1.26805,0.39242,0.42674,0.29405,0.17835
1,7,1.35912,1.56353,1.22653,0.58304,0.38313,0.34659,0.21152
1,8,1.3848,1.55079,1.23748,0.4857,0.39646,0.34607,0.15708
1,9,1.37198,1.56194,1.2283,0.48676,0.45299,0.33004,0.18313
1,10,1.34288,1.48972,1.2195,0.47333,0.44841,0.34526,0.21019
1,11,1.38233,1.51045,1.24259,0.47798,0.46561,0.34527,0.18776
1,12,1.36141,1.46837,1.2347,0.51004,0.45092,0.37093,0.20266
1,13,1.35049,1.42246,1.22227,0.4984,0.47817,0.40777,0.22571
1,14,1.33406,1.40812,1.20882,0.4655,0.44971,0.38305,0.17921
1,15,1.29585,1.36558,1.19779,0.4955,0.48919,0.40764,0.2081
1,16,1.31032,1.36161,1.21412,0.48143,0.46463,0.40563,0.17787
1,17,1.28611,1.34499,1.19017,0.34816,0.50537,0.40129,0.2578
1,18,1.28204,1.32177,1.19201,0.56626,0.46769,0.43703,0.25297
1,19,1.27418,1.30189,1.18251,0.48815,0.48494,0.37597,0.18991
1,20,1.2769,1.2989,1.19239,0.5401,0.50303,0.45779,0.29209
1,21,1.34899,1.29877,1.22274,0.4932,0.50647,0.39316,0.2296
1,22,1.28791,1.32544,1.20157,0.4982,0.48778,0.41814,0.26178
1,23,1.28321,1.30752,1.20032,0.52865,0.49008,0.41653,0.25878
1,24,1.23289,1.26621,1.17581,0.59129,0.40935,0.41777,0.25514
1,25,1.25016,1.23359,1.16888,0.5573,0.45924,0.44153,0.2842
1,26,1.2247,1.20123,1.1749,0.5006,0.43561,0.3749,0.24016
1,27,1.25969,1.24592,1.18017,0.57676,0.45479,0.45375,0.29652
1,28,1.26166,1.2207,1.17853,0.58918,0.49373,0.48893,0.30655
1,29,1.22596,1.19533,1.16889,0.39192,0.54421,0.46153,0.28835
1,30,1.21059,1.18642,1.15428,0.5764,0.48862,0.4955,0.31594
1,31,1.21731,1.17831,1.16315,0.62438,0.46314,0.50341,0.32558
1,32,1.21635,1.18471,1.16584,0.51285,0.42803,0.38716,0.17292
1,33,1.21514,1.17116,1.15389,0.37182,0.51203,0.44839,0.279
1,34,1.19213,1.14442,1.15741,0.56414,0.46687,0.465,0.24766
1,35,1.18904,1.16387,1.15268,0.60794,0.51259,0.52348,0.3412
1,36,1.20339,1.13047,1.15485,0.65537,0.50618,0.52695,0.28279
1,37,1.20692,1.14715,1.15491,0.58621,0.47341,0.46397,0.21991
1,38,1.19488,1.1214,1.15035,0.62528,0.51638,0.52586,0.34816
1,39,1.20777,1.12179,1.16475,0.62697,0.51976,0.51505,0.33914
1,40,1.21192,1.11066,1.16532,0.45102,0.58612,0.56494,0.37504
1,41,1.16846,1.1002,1.14237,0.45776,0.56115,0.51265,0.3089
1,42,1.16794,1.11249,1.14098,0.50919,0.53816,0.52132,0.322
1,43,1.17362,1.09149,1.13864,0.50499,0.58542,0.55994,0.37608
1,44,1.20076,1.08553,1.15411,0.42195,0.58773,0.50929,0.33408
1,45,1.18392,1.06264,1.14885,0.62543,0.49737,0.53141,0.33746
1,46,1.14752,1.0641,1.12709,0.4508,0.61701,0.55066,0.33886
1,47,1.16956,1.06129,1.13984,0.48179,0.56671,0.55715,0.36274
1,48,1.14453,1.03473,1.12368,0.5142,0.61291,0.58816,0.38497
1,49,1.12777,1.03325,1.12428,0.44693,0.57657,0.52238,0.28562
1,50,1.1471,1.04822,1.13063,0.48345,0.56617,0.55871,0.35317
1,51,1.17052,1.03351,1.13479,0.65848,0.49353,0.54829,0.31805
1,52,1.16649,1.05343,1.14234,0.42993,0.54997,0.51213,0.28765
1,53,1.14117,1.02025,1.12847,0.51517,0.62809,0.60914,0.40694
1,54,1.12979,1.02924,1.11998,0.46366,0.56823,0.5118,0.31634
1,55,1.11126,1.03969,1.10918,0.47014,0.62126,0.57469,0.34355
1,56,1.15117,1.03607,1.13604,0.44263,0.59367,0.53617,0.34434
1,57,1.12935,1.03454,1.1185,0.47885,0.60432,0.56395,0.34814
1,58,1.1406,1.01865,1.13246,0.59393,0.61733,0.65294,0.41019
1,59,1.11367,0.99135,1.11518,0.59721,0.63851,0.65127,0.41536
1,60,1.10579,0.98904,1.1065,0.50285,0.62093,0.5917,0.37686
1,61,1.11673,0.98261,1.1157,0.58469,0.64029,0.64388,0.39148
1,62,1.09951,0.9663,1.10741,0.58167,0.64842,0.64742,0.40235
1,63,1.10199,0.96759,1.10683,0.49035,0.66655,0.59509,0.3714
1,64,1.09661,0.98963,1.1152,0.52124,0.6,0.59619,0.3815
1,65,1.10683,0.9835,1.11274,0.55474,0.64354,0.62824,0.40763
1,66,1.09287,0.97448,1.09317,0.56445,0.61805,0.61572,0.40885
1,67,1.10542,0.97385,1.11144,0.5773,0.671,0.65867,0.45001
1,68,1.08246,0.94975,1.09953,0.56526,0.65828,0.64606,0.40734
1,69,1.09519,0.96379,1.09905,0.60063,0.59454,0.63076,0.3887
1,70,1.08019,0.94186,1.09906,0.58714,0.654,0.64609,0.42638
1,71,1.09755,0.95335,1.10816,0.64791,0.62399,0.67901,0.42485
1,72,1.08515,0.93319,1.09922,0.57903,0.62885,0.64293,0.42956
1,73,1.08581,0.93459,1.10181,0.5937,0.65832,0.65365,0.43686
1,74,1.08734,0.93114,1.0973,0.61691,0.65131,0.69169,0.44903
1,75,1.06782,0.93521,1.09296,0.56062,0.68969,0.64544,0.4237
1,76,1.09526,0.92645,1.1024,0.61571,0.65017,0.66322,0.42594
1,77,1.07627,0.9412,1.0938,0.61554,0.60879,0.65858,0.43024
1,78,1.073,0.93189,1.09357,0.60912,0.65593,0.67258,0.44198
1,79,1.06874,0.91689,1.09094,0.65327,0.63095,0.69242,0.4415
1,80,1.06956,0.91419,1.09303,0.54324,0.68488,0.64035,0.39775
1,81,1.06759,0.90033,1.08783,0.62729,0.63828,0.67976,0.4449
1,82,1.05313,0.9075,1.0863,0.68973,0.65798,0.72323,0.47751
1,83,1.06496,0.89957,1.09022,0.60982,0.63801,0.65941,0.42921
1,84,1.05847,0.90481,1.08583,0.6449,0.66266,0.70619,0.4803
1,85,1.04655,0.88994,1.08902,0.63225,0.65019,0.70346,0.46056
1,86,1.04577,0.89944,1.08945,0.61929,0.68838,0.69918,0.46153
1,87,1.04156,0.88697,1.07509,0.65653,0.69082,0.72066,0.46774
1,88,1.04183,0.87545,1.07632,0.62321,0.65916,0.68472,0.45089
1,89,1.03408,0.88446,1.07262,0.65507,0.65262,0.70637,0.46698
1,90,1.03061,0.8609,1.10492,0.62254,0.68475,0.70189,0.46679
1,91,1.03541,0.8629,1.12755,0.6272,0.72006,0.72507,0.48258
1,92,1.0132,0.82855,1.09753,0.62949,0.70106,0.71569,0.46738
1,93,0.99583,0.83558,1.09788,0.63764,0.67075,0.70127,0.45532
1,94,0.99783,0.83085,1.09205,0.63065,0.70883,0.71483,0.47476
1,95,0.99828,0.83047,1.09428,0.64563,0.69974,0.72186,0.47522
1,96,0.99122,0.82205,1.08766,0.65121,0.6971,0.71462,0.47253
1,97,0.98782,0.82109,1.09074,0.67355,0.67182,0.729,0.48886
1,98,0.98676,0.81847,1.0913,0.64429,0.69164,0.71893,0.47636
1,99,0.98455,0.81115,1.08691,0.64343,0.70193,0.72299,0.48402
2,0,2.115,3.22761,1.75955,0.65029,0.17136,0.1315,0.06136
2,1,1.65158,2.13991,1.36555,0.35286,0.30429,0.19989,0.09258
2,2,1.55828,1.86368,1.33763,0.2232,0.42999,0.25988,0.0804
2,3,1.51233,1.80658,1.31493,0.41933,0.40341,0.26518,0.15658
2,4,1.45923,1.74646,1.29497,0.49487,0.39282,0.32266,0.17504
2,5,1.43053,1.65507,1.26696,0.43005,0.4414,0.29316,0.15988
2,6,1.409,1.64862,1.26967,0.33293,0.44286,0.36759,0.22861
2,7,1.37322,1.57129,1.22956,0.51882,0.38747,0.34378,0.2142
2,8,1.39731,1.56315,1.24871,0.26777,0.47758,0.3423,0.19538
2,9,1.36282,1.52685,1.22715,0.32289,0.44885,0.33188,0.18772
2,10,1.32302,1.48201,1.21381,0.29175,0.46912,0.32296,0.20694
2,11,1.33966,1.44405,1.22495,0.49218,0.46307,0.36438,0.20146
2,12,1.33249,1.4235,1.2214,0.4252,0.53014,0.32937,0.19025
2,13,1.32211,1.41116,1.21368,0.46938,0.5119,0.35174,0.19164
2,14,1.30583,1.36522,1.20096,0.52019,0.51263,0.42346,0.28266
2,15,1.26603,1.35175,1.18639,0.52467,0.46106,0.39858,0.2543
2,16,1.28516,1.32836,1.19476,0.47659,0.48334,0.37557,0.1852
2,17,1.31129,1.32487,1.20895,0.35659,0.52858,0.39801,0.24367
2,18,1.27324,1.30344,1.19418,0.53855,0.46921,0.39831,0.24069
2,19,1.2802,1.2945,1.18713,0.34897,0.57038,0.41794,0.24533
2,20,1.26825,1.29671,1.18335,0.33521,0.52018,0.41141,0.26565
2,21,1.27813,1.29546,1.18984,0.36599,0.51066,0.43469,0.26661
2,22,1.26915,1.27841,1.19193,0.51121,0.50194,0.43247,0.25005
2,23,1.25597,1.27068,1.19413,0.5518,0.50977,0.46426,0.30178
2,24,1.25248,1.23961,1.18421,0.39903,0.51028,0.45149,0.28414
2,25,1.27298,1.23619,1.19802,0.60068,0.51636,0.49879,0.32652
2,26,1.23183,1.21555,1.17666,0.39748,0.53285,0.4469,0.25382
2,27,1.23851,1.21991,1.17446,0.44354,0.53551,0.49483,0.28261
2,28,1.23281,1.19653,1.16517,0.60956,0.49033,0.49873,0.32972
2,29,1.20933,1.1808,1.16434,0.61303,0.47812,0.49283,0.29525
2,30,1.20985,1.16697,1.16169,0.51464,0.54491,0.52384,0.2976
2,31,1.20355,1.19133,1.15576,0.58338,0.50122,0.48352,0.30683
2,32,1.24373,1.17348,1.18148,0.46394,0.53687,0.50051,0.33917
2,33,1.20717,1.17101,1.15791,0.46472,0.51302,0.49917,0.31235
2,34,1.18459,1.14923,1.16071,0.4509,0.60262,0.54515,0.33205
2,35,1.21823,1.16107,1.1683,0.46086,0.5951,0.54298,0.35831
2,36,1.19055,1.14217,1.1544,0.59725,0.48355,0.48168,0.28746
2,37,1.23804,1.17386,1.17687,0.46213,0.57077,0.49226,0.32333
2,38,1.19691,1.12859,1.15624,0.48663,0.56022,0.54386,0.36105
2,39,1.18341,1.1283,1.16162,0.47264,0.61306,0.56056,0.35222
2,40,1.16835,1.10571,1.14781,0.65466,0.52312,0.55143,0.30735
2,41,1.19921,1.11604,1.16068,0.55559,0.56915,0.56313,0.37872
2,42,1.17801,1.08905,1.15304,0.53311,0.53519,0.55642,0.34952
2,43,1.18655,1.08256,1.15024,0.50101,0.61701,0.59158,0.40173
2,44,1.1904,1.07862,1.15349,0.48066,0.58083,0.56833,0.36727
2,45,1.17275,1.07825,1.14946,0.52446,0.56811,0.58154,0.38902
2,46,1.1637,1.08305,1.14442,0.58286,0.57764,0.61138,0.38969
2,47,1.18235,1.08104,1.15187,0.5328,0.58174,0.59084,0.39557
2,48,1.14484,1.03592,1.12843,0.47908,0.66191,0.60962,0.40328
2,49,1.16977,1.05633,1.14745,0.5429,0.52459,0.56546,0.28259
2,50,1.16626,1.06659,1.14687,0.50743,0.57662,0.57802,0.35623
2,51,1.1368,1.03029,1.12859,0.54708,0.58686,0.59352,0.35944
2,52,1.14718,1.02758,1.14505,0.57426,0.60711,0.59895,0.32567
2,53,1.13771,1.02766,1.13307,0.55459,0.61379,0.60005,0.37402
2,54,1.11673,1.02355,1.1171,0.45945,0.56982,0.54027,0.35078
2,55,1.13646,1.03979,1.12536,0.53338,0.64572,0.61637,0.39312
2,56,1.1295,1.03715,1.12931,0.50204,0.66014,0.61962,0.40212
2,57,1.14871,1.01104,1.14013,0.53393,0.66326,0.62118,0.39659
2,58,1.11036,0.99856,1.12286,0.53696,0.61753,0.60465,0.40786
2,59,1.11546,0.99294,1.12142,0.54457,0.68339,0.63972,0.44144
2,60,1.10033,0.98264,1.11029,0.58381,0.63432,0.62984,0.42651
2,61,1.11345,0.98969,1.11542,0.53339,0.62877,0.61385,0.42887
2,62,1.10912,0.95919,1.11971,0.57465,0.63184,0.64041,0.40979
2,63,1.11648,0.98681,1.11416,0.56315,0.63125,0.64392,0.41057
2,64,1.09748,0.98244,1.12376,0.48198,0.67667,0.59759,0.38912
2,65,1.111,0.97595,1.12337,0.69203,0.56587,0.65414,0.45444
2,66,1.10179,0.96698,1.10671,0.56445,0.66893,0.64721,0.44947
2,67,1.1048,0.97575,1.11722,0.64271,0.59843,0.64469,0.44514
2,68,1.10974,0.97158,1.11379,0.55817,0.66665,0.65473,0.4305
2,69,1.10162,0.96938,1.11082,0.60495,0.67813,0.6554,0.43165
2,70,1.09096,0.94754,1.11172,0.60016,0.62683,0.6532,0.42995
2,71,1.08595,0.94318,1.09847,0.64597,0.66503,0.66934,0.46586
2,72,1.08936,0.94681,1.10414,0.60397,0.6844,0.66858,0.46864
2,73,1.08184,0.93633,1.10292,0.60012,0.67567,0.66963,0.46188
2,74,1.07993,0.92672,1.09757,0.56411,0.69601,0.66243,0.44176
2,75,1.09119,0.93906,1.10964,0.57207,0.69485,0.65858,0.46162
2,76,1.07911,0.92199,1.09703,0.61896,0.66287,0.68903,0.44271
2,77,1.06429,0.93221,1.09348,0.61505,0.67743,0.66672,0.45264
2,78,1.07462,0.92351,1.1005,0.55597,0.72001,0.67368,0.44549
2,79,1.07606,0.91524,1.09871,0.64652,0.68615,0.69162,0.45595
2,80,1.06454,0.91381,1.0913,0.61191,0.67996,0.67813,0.45227
2,81,1.07918,0.9105,1.09493,0.64821,0.65774,0.69472,0.49391
2,82,1.04275,0.9016,1.08901,0.65014,0.67756,0.69715,0.47829
2,83,1.04439,0.89235,1.09168,0.6382,0.6972,0.68758,0.46367
2,84,1.05613,0.89409,1.08964,0.63548,0.66313,0.68945,0.48966
2,85,1.04464,0.88622,1.08853,0.67997,0.67689,0.70705,0.49507
2,86,1.04603,0.89405,1.09489,0.66104,0.66519,0.70327,0.48645
2,87,1.0513,0.87925,1.08615,0.63451,0.71883,0.70211,0.47999
2,88,1.03853,0.87943,1.07928,0.64038,0.70535,0.7132,0.4931
2,89,1.03662,0.87881,1.08011,0.65983,0.66322,0.70406,0.48236
2,90,1.03383,0.86194,1.11883,0.61784,0.69508,0.69752,0.48467
2,91,1.01959,0.85196,1.11957,0.66999,0.68041,0.71616,0.48151
2,92,1.00725,0.83579,1.10646,0.67751,0.68335,0.71767,0.48091
2,93,1.00285,0.83325,1.10941,0.66418,0.69081,0.7092,0.49506
2,94,0.99646,0.8173,1.10009,0.64417,0.69521,0.71412,0.4804
2,95,1.00307,0.83405,1.10635,0.68529,0.69301,0.72656,0.49398
2,96,0.99811,0.81522,1.09759,0.67786,0.67591,0.71763,0.48195
2,97,0.98901,0.81262,1.09742,0.68131,0.69014,0.72494,0.49476
2,98,0.98901,0.82123,1.10769,0.68422,0.69299,0.72795,0.5001
2,99,0.97788,0.81008,1.09039,0.6916,0.69043,0.73105,0.50287
3,0,2.1106,3.20316,1.75013,0.71431,0.11253,0.11606,0.05962
3,1,1.65946,2.11116,1.36878,0.3508,0.33395,0.22656,0.10288
3,2,1.52905,1.84247,1.32791,0.42432,0.38549,0.24124,0.09608
3,3,1.51662,1.8318,1.31007,0.22796,0.33656,0.23194,0.11683
3,4,1.45031,1.70629,1.28415,0.15509,0.20189,0.13692,0.05183
3,5,1.44244,1.65556,1.27851,0.25508,0.38225,0.29068,0.17269
3,6,1.42951,1.66335,1.27339,0.46024,0.38554,0.30071,0.16365
3,7,1.40416,1.61599,1.24494,0.44039,0.4442,0.33993,0.20941
3,8,1.39795,1.54961,1.24654,0.43238,0.35756,0.30017,0.16982
3,9,1.34875,1.51919,1.23558,0.25915,0.45755,0.29246,0.16639
3,10,1.34149,1.48448,1.22345,0.44529,0.42895,0.32646,0.17981
3,11,1.34068,1.48164,1.23156,0.42342,0.44558,0.32149,0.16802
3,12,1.34098,1.4571,1.22299,0.39204,0.49842,0.4077,0.22898
3,13,1.34589,1.41613,1.22418,0.47375,0.43958,0.37039,0.23517
3,14,1.30608,1.35702,1.19655,0.45666,0.47152,0.34311,0.20057
3,15,1.29805,1.37712,1.1955,0.34799,0.49164,0.38651,0.2442
3,16,1.29401,1.3403,1.2022,0.51503,0.46703,0.38255,0.17257
3,17,1.30181,1.33786,1.20314,0.27749,0.47763,0.35185,0.19335
3,18,1.27747,1.30209,1.19391,0.54656,0.4557,0.43305,0.2604
3,19,1.27384,1.29298,1.18682,0.36572,0.46412,0.39824,0.2031
3,20,1.25978,1.27239,1.18356,0.28357,0.49653,0.35771,0.20454
3,21,1.26779,1.27114,1.19106,0.56563,0.45744,0.44203,0.25747
3,22,1.27223,1.281,1.19343,0.58022,0.4115,0.37736,0.23422
3,23,1.30822,1.29686,1.2208,0.58259,0.45204,0.45789,0.28761
3,24,1.24171,1.25636,1.17996,0.39559,0.48397,0.42847,0.27499
3,25,1.2266,1.24436,1.16978,0.54671,0.44924,0.39298,0.24216
3,26,1.22379,1.22504,1.17309,0.3625,0.54064,0.42783,0.26718
3,27,1.25578,1.22147,1.17739,0.4051,0.48767,0.42614,0.21543
3,28,1.24121,1.19881,1.17059,0.41412,0.43596,0.41579,0.26117
3,29,1.24033,1.176,1.17832,0.43396,0.54259,0.46993,0.31214
3,30,1.20937,1.17411,1.15853,0.40731,0.49008,0.44994,0.26899
3,31,1.22637,1.17236,1.16247,0.34863,0.46599,0.36254,0.19257
3,32,1.21174,1.15749,1.16311,0.39852,0.52831,0.44056,0.27039
3,33,1.20495,1.14967,1.15362,0.41005,0.51749,0.46619,0.29508
3,34,1.21655,1.141,1.17201,0.4245,0.51433,0.48418,0.30276
3,35,1.17336,1.13334,1.14469,0.38944,0.46448,0.44355,0.27408
3,36,1.22118,1.16233,1.17372,0.42165,0.49667,0.47385,0.27488
3,37,1.22047,1.1451,1.16736,0.47786,0.49725,0.48965,0.26556
3,38,1.19653,1.13798,1.15933,0.44709,0.51496,0.49569,0.31582
3,39,1.1724,1.10313,1.15329,0.49813,0.51022,0.50692,0.2665
3,40,1.16656,1.0921,1.14287,0.43917,0.5487,0.48375,0.29901
3,41,1.15209,1.09495,1.13871,0.5394,0.49606,0.5059,0.32584
3,42,1.18508,1.09482,1.15944,0.41317,0.58305,0.48874,0.30886
3,43,1.16844,1.0782,1.13976,0.50249,0.50353,0.45402,0.30251
3,44,1.16074,1.09587,1.13958,0.47212,0.48873,0.43402,0.26603
3,45,1.1542,1.0572,1.1394,0.52636,0.51108,0.5168,0.29032
3,46,1.14779,1.05468,1.13592,0.51749,0.47951,0.47128,0.29743
3,47,1.14463,1.04491,1.13452,0.49467,0.51778,0.50387,0.31244
3,48,1.1584,1.04168,1.13146,0.47648,0.57375,0.52761,0.35132
3,49,1.13939,1.0388,1.12831,0.4992,0.50471,0.49398,0.32314
3,50,1.14407,1.02765,1.12996,0.48034,0.54104,0.5244,0.36623
3,51,1.16788,1.03155,1.14191,0.47707,0.56236,0.52083,0.32496
3,52,1.11783,1.0312,1.12229,0.51912,0.5181,0.51047,0.31454
3,53,1.13131,1.01685,1.12431,0.51616,0.52941,0.52726,0.33691
3,54,1.13295,1.014,1.11977,0.49658,0.55335,0.52001,0.35267
3,55,1.12501,1.02029,1.11987,0.5535,0.52272,0.54135,0.34194
3,56,1.13584,1.0133,1.13226,0.5677,0.53108,0.56669,0.3719
3,57,1.12196,1.0047,1.11626,0.50992,0.57366,0.54944,0.34089
3,58,1.12144,1.02121,1.12262,0.45518,0.59463,0.52616,0.35444
3,59,1.1181,0.99258,1.11667,0.45109,0.58045,0.51016,0.31184
3,60,1.0944,0.96728,1.10445,0.54298,0.58743,0.57449,0.384
3,61,1.10915,0.97281,1.11052,0.58363,0.53983,0.57938,0.38576
3,62,1.11221,0.96218,1.12026,0.57425,0.55853,0.57039,0.32226
3,63,1.09818,0.96753,1.10367,0.52305,0.57306,0.55447,0.31559
3,64,1.09074,0.96502,1.11552,0.55887,0.55843,0.56426,0.38739
3,65,1.13334,0.96935,1.12996,0.52693,0.57104,0.554,0.36169
3,66,1.08694,0.93282,1.09393,0.59435,0.55826,0.59298,0.40146
3,67,1.10064,0.96583,1.12003,0.55262,0.52127,0.54662,0.36024
3,68,1.07989,0.9466,1.09742,0.54445,0.55147,0.55602,0.34576
3,69,1.08617,0.93404,1.10194,0.56221,0.56933,0.56759,0.35324
3,70,1.08851,0.9275,1.10645,0.47676,0.59969,0.54648,0.35272
3,71,1.08522,0.94933,1.1084,0.57421,0.51389,0.53412,0.35223
3,72,1.08684,0.92933,1.10281,0.54487,0.61049,0.58946,0.39005
3,73,1.10451,0.9217,1.11007,0.5381,0.64833,0.59674,0.36264
3,74,1.08268,0.91635,1.10087,0.58962,0.555,0.59111,0.40409
3,75,1.06351,0.92117,1.09858,0.60767,0.57503,0.61038,0.38418
3,76,1.08683,0.90692,1.10277,0.55354,0.5808,0.58466,0.39168
3,77,1.06813,0.92273,1.09156,0.54229,0.56692,0.546,0.34429
3,78,1.06884,0.90164,1.09512,0.55543,0.62538,0.59506,0.38343
3,79,1.0653,0.91042,1.08868,0.54436,0.62098,0.5894,0.38138
3,80,1.07343,0.90895,1.09178,0.53764,0.62296,0.59447,0.39179
3,81,1.06756,0.88525,1.09333,0.55648,0.64612,0.6232,0.42601
3,82,1.05232,0.90135,1.08817,0.54016,0.6141,0.59714,0.39671
3,83,1.05856,0.88541,1.09129,0.5185,0.65552,0.57836,0.38617
3,84,1.05768,0.88165,1.08824,0.57107,0.6056,0.60543,0.41269
3,85,1.03901,0.87108,1.08176,0.60164,0.55491,0.61928,0.41794
3,86,1.04745,0.87916,1.09608,0.56522,0.6114,0.59462,0.40618
3,87,1.04658,0.86977,1.08092,0.54978,0.62923,0.60652,0.39553
3,88,1.04557,0.86278,1.07832,0.56704,0.64499,0.60961,0.39978
3,89,1.03363,0.87083,1.07349,0.59529,0.62689,0.63246,0.41786
3,90,1.03764,0.84984,1.11107,0.59071,0.63306,0.63044,0.42521
3,91,1.02347,0.84248,1.11579,0.60578,0.61516,0.6185,0.40975
3,92,1.01814,0.83479,1.1069,0.60233,0.62626,0.62615,0.3865
3,93,1.01044,0.8271,1.10573,0.55269,0.65389,0.60951,0.38933
3,94,1.00455,0.81194,1.09602,0.5631,0.67829,0.63012,0.39991
3,95,1.00158,0.82362,1.106,0.57951,0.64583,0.63704,0.41514
3,96,0.996,0.80271,1.08648,0.57771,0.68521,0.65103,0.43815
3,97,0.98729,0.80587,1.09175,0.55387,0.69348,0.63136,0.42916
3,98,0.98844,0.80579,1.09913,0.57755,0.66604,0.63759,0.42834
3,99,0.9856,0.80116,1.08935,0.56373,0.66834,0.63105,0.4245
4,0,2.11161,3.19242,1.74547,0.60437,0.13177,0.11018,0.06166
4,1,1.64495,2.12251,1.36735,0.36739,0.30225,0.19407,0.09334
4,2,1.5494,1.86878,1.33186,0.40799,0.34846,0.23619,0.12122
4,3,1.49652,1.7997,1.29966,0.52412,0.27461,0.24418,0.13674
4,4,1.46466,1.75689,1.29407,0.21056,0.30694,0.23752,0.11708
4,5,1.41936,1.66403,1.26356,0.44846,0.37035,0.29233,0.16072
4,6,1.44114,1.63903,1.2865,0.4536,0.37522,0.2969,0.14074
4,7,1.38158,1.54864,1.24628,0.30819,0.47616,0.3259,0.2063
4,8,1.39414,1.53825,1.24581,0.25698,0.43106,0.3072,0.14305
4,9,1.35559,1.512,1.22666,0.30049,0.45234,0.32695,0.19798
4,10,1.35782,1.4687,1.22685,0.47421,0.42527,0.35191,0.21404
4,11,1.34377,1.4626,1.22651,0.41078,0.43866,0.30756,0.13868
4,12,1.35552,1.43575,1.22999,0.29173,0.47922,0.37916,0.20979
4,13,1.34692,1.41811,1.21847,0.38158,0.4484,0.40858,0.26767
4,14,1.31891,1.36565,1.21481,0.50472,0.46419,0.39798,0.24545
4,15,1.29148,1.35044,1.19981,0.47697,0.43414,0.36004,0.21312
4,16,1.33261,1.37511,1.2269,0.50963,0.44948,0.36011,0.16447
4,17,1.29124,1.34101,1.19549,0.53556,0.49287,0.42491,0.24612
4,18,1.29751,1.33911,1.20184,0.58397,0.442,0.4433,0.27087
4,19,1.27151,1.30207,1.19192,0.29752,0.54452,0.36082,0.21559
4,20,1.25235,1.26444,1.18205,0.41299,0.5166,0.4569,0.2772
4,21,1.28731,1.27876,1.20158,0.51617,0.47132,0.39963,0.22056
4,22,1.26174,1.2829,1.1845,0.56633,0.47675,0.44984,0.25355
4,23,1.27183,1.26097,1.19266,0.58145,0.48349,0.47187,0.29007
4,24,1.22437,1.23634,1.17081,0.40777,0.54594,0.46025,0.26908
4,25,1.22226,1.20889,1.16732,0.57927,0.48367,0.47834,0.29309
4,26,1.21813,1.20813,1.1682,0.60605,0.46844,0.49568,0.32931
4,27,1.2335,1.20836,1.17293,0.57781,0.43466,0.43699,0.27937
4,28,1.26281,1.21431,1.18285,0.61851,0.47388,0.48488,0.3068
4,29,1.23584,1.22564,1.18177,0.38835,0.53289,0.48239,0.30855
4,30,1.20924,1.16902,1.16037,0.61628,0.47535,0.50231,0.31418
4,31,1.18607,1.1531,1.15215,0.42423,0.48682,0.4997,0.30997
4,32,1.19832,1.15715,1.16151,0.38301,0.51884,0.50317,0.32844
4,33,1.21201,1.15791,1.16067,0.63344,0.47006,0.51593,0.33214
4,34,1.19965,1.15088,1.16552,0.48216,0.57595,0.51233,0.28794
4,35,1.20804,1.13172,1.16326,0.44261,0.54513,0.49439,0.33055
4,36,1.23717,1.13645,1.17551,0.62163,0.46335,0.4943,0.28086
4,37,1.21155,1.14484,1.15559,0.612,0.48075,0.49936,0.27695
4,38,1.20381,1.1355,1.1583,0.33936,0.6003,0.47186,0.31599
4,39,1.1724,1.09702,1.15047,0.51836,0.58406,0.55734,0.33014
4,40,1.17469,1.10079,1.14469,0.4405,0.58077,0.54525,0.35769
4,41,1.17178,1.10666,1.14945,0.4495,0.57148,0.54916,0.35837
4,42,1.15187,1.09487,1.13455,0.46333,0.5238,0.50699,0.33189
4,43,1.18691,1.08836,1.14689,0.51076,0.52607,0.54108,0.36509
4,44,1.17874,1.09022,1.15071,0.5124,0.537,0.55611,0.3556
4,45,1.17022,1.07718,1.14693,0.40476,0.62805,0.53602,0.33685
4,46,1.15568,1.05691,1.13967,0.46066,0.55973,0.54266,0.36253
4,47,1.15546,1.05628,1.13721,0.46017,0.63094,0.56942,0.34018
4,48,1.14538,1.04699,1.12851,0.53953,0.53819,0.56093,0.3703
4,49,1.14218,1.03699,1.12951,0.65247,0.51413,0.5567,0.36645
4,50,1.13757,1.04005,1.12909,0.50712,0.53315,0.54097,0.29481
4,51,1.14926,1.01703,1.13169,0.45858,0.57769,0.56044,0.34717
4,52,1.12531,1.03324,1.128,0.48756,0.61691,0.59633,0.40058
4,53,1.1446,1.01855,1.13298,0.5374,0.58018,0.58825,0.38117
4,54,1.12484,1.0076,1.11758,0.45489,0.64119,0.56813,0.35505
4,55,1.11356,1.01962,1.11602,0.57356,0.542,0.55619,0.33902
4,56,1.13437,1.00976,1.13522,0.55459,0.56455,0.59075,0.37344
4,57,1.12748,1.00757,1.12611,0.50607,0.61932,0.59347,0.38635
4,58,1.12114,1.00429,1.1289,0.53596,0.56801,0.6011,0.39409
4,59,1.1078,0.97938,1.11545,0.5296,0.62522,0.6179,0.40613
4,60,1.10804,0.98332,1.11398,0.66415,0.57576,0.61596,0.38818
4,61,1.11172,0.98757,1.11658,0.48997,0.65698,0.606,0.39848
4,62,1.09646,0.96827,1.1152,0.6003,0.55125,0.6082,0.36847
4,63,1.09366,0.95908,1.1022,0.4918,0.6687,0.61559,0.38454
4,64,1.11048,0.96207,1.12283,0.49912,0.65063,0.62258,0.41814
4,65,1.09698,0.96073,1.11345,0.52634,0.57937,0.59541,0.39853
4,66,1.0947,0.95981,1.10329,0.53129,0.61989,0.61294,0.41984
4,67,1.09306,0.95944,1.11331,0.52787,0.67945,0.62633,0.41801
4,68,1.09064,0.95602,1.10531,0.57896,0.60493,0.6379,0.40791
4,69,1.08644,0.94017,1.09972,0.53261,0.64321,0.6346,0.42971
4,70,1.08529,0.93181,1.1049,0.50595,0.65551,0.63165,0.41671
4,71,1.08524,0.95049,1.10668,0.55264,0.628,0.63831,0.41332
4,72,1.07452,0.92676,1.09933,0.55241,0.65901,0.65508,0.44117
4,73,1.0712,0.93023,1.09685,0.56665,0.60747,0.62923,0.41097
4,74,1.07657,0.91929,1.09604,0.56495,0.64059,0.6316,0.38639
4,75,1.07996,0.92996,1.10475,0.49115,0.69695,0.62149,0.3842
4,76,1.08825,0.92097,1.10382,0.54508,0.6248,0.61164,0.41976
4,77,1.07178,0.93546,1.09652,0.5621,0.6442,0.6526,0.42075
4,78,1.08042,0.91911,1.10128,0.54318,0.66008,0.64034,0.43084
4,79,1.07261,0.91638,1.09525,0.56392,0.66593,0.64901,0.44093
4,80,1.06419,0.90961,1.09216,0.55501,0.65573,0.64936,0.41593
4,81,1.05635,0.9001,1.08453,0.54018,0.69801,0.65783,0.44755
4,82,1.03962,0.90236,1.08812,0.54356,0.6972,0.65283,0.42382
4,83,1.06218,0.89836,1.09655,0.55038,0.6998,0.66566,0.45685
4,84,1.05136,0.87235,1.08109,0.59311,0.65004,0.67342,0.46811
4,85,1.05844,0.89159,1.09251,0.56395,0.69274,0.67048,0.45489
4,86,1.05237,0.88175,1.09573,0.57552,0.68135,0.67778,0.47035
4,87,1.04169,0.87245,1.07893,0.59803,0.66489,0.67674,0.44172
4,88,1.03639,0.87316,1.07699,0.62129,0.65176,0.67629,0.46092
4,89,1.03324,0.87676,1.07561,0.61515,0.66295,0.6834,0.47394
4,90,1.05144,0.85914,1.11767,0.61431,0.65532,0.69059,0.47359
4,91,1.02607,0.84665,1.12087,0.59999,0.68369,0.68273,0.45506
4,92,1.01036,0.83301,1.10223,0.5911,0.67137,0.67447,0.45251
4,93,0.99523,0.82797,1.09597,0.62197,0.65831,0.67898,0.44178
4,94,0.99551,0.82551,1.09455,0.61722,0.67896,0.69208,0.46626
4,95,1.00384,0.82979,1.10125,0.59587,0.70227,0.68846,0.45158
4,96,1.00237,0.81166,1.09842,0.61512,0.67659,0.68934,0.45586
4,97,0.99241,0.81298,1.0981,0.61013,0.69017,0.68957,0.46109
4,98,0.98714,0.80566,1.09781,0.62489,0.67278,0.6931,0.47709
4,99,0.98311,0.8086,1.0942,0.61967,0.68724,0.69807,0.47958
5,0,2.12511,3.20234,1.77298,0.6157,0.12345,0.11132,0.05326
5,1,1.66524,2.12571,1.38501,0.36499,0.27194,0.19351,0.06977
5,2,1.54885,1.9022,1.33789,0.4263,0.33109,0.25947,0.10471
5,3,1.5121,1.82115,1.31815,0.34778,0.32852,0.21605,0.09602
5,4,1.48361,1.74958,1.30829,0.164,0.34256,0.15568,0.08173
5,5,1.44645,1.6933,1.28266,0.48725,0.39427,0.30455,0.13711
5,6,1.43957,1.7078,1.29415,0.42735,0.40296,0.29072,0.16295
5,7,1.38804,1.56288,1.25132,0.46612,0.40451,0.31676,0.20095
5,8,1.41935,1.58027,1.26662,0.43721,0.37861,0.28386,0.16807
5,9,1.3616,1.52019,1.24091,0.3985,0.47896,0.3844,0.23118
5,10,1.35229,1.45984,1.23625,0.27924,0.41583,0.29627,0.19235
5,11,1.35571,1.45476,1.24011,0.4083,0.40717,0.26014,0.1362
5,12,1.3354,1.43076,1.22487,0.32017,0.50797,0.39269,0.19414
5,13,1.33643,1.41621,1.22241,0.35349,0.49315,0.37726,0.21678
5,14,1.31639,1.37258,1.2159,0.43147,0.41669,0.30135,0.11192
5,15,1.28184,1.35444,1.19435,0.30825,0.55571,0.36809,0.23083
5,16,1.30249,1.3342,1.22092,0.46029,0.49957,0.36659,0.19099
5,17,1.29911,1.34043,1.21572,0.32058,0.49787,0.36741,0.24752
5,18,1.27396,1.29756,1.19358,0.26703,0.43353,0.29528,0.17993
5,19,1.26701,1.28496,1.19221,0.29491,0.48468,0.33555,0.20397
5,20,1.25393,1.29431,1.18875,0.31078,0.4656,0.32259,0.11925
5,21,1.2863,1.28198,1.20159,0.27558,0.50773,0.3125,0.19075
5,22,1.32862,1.29777,1.22962,0.52679,0.45639,0.39766,0.20823
5,23,1.27056,1.26845,1.20226,0.47213,0.39889,0.3313,0.20375
5,24,1.24393,1.24288,1.1839,0.23256,0.50946,0.3308,0.20408
5,25,1.23956,1.23825,1.17965,0.27196,0.46385,0.32183,0.19691
5,26,1.23981,1.21885,1.18351,0.48543,0.38614,0.30958,0.18404
5,27,1.22183,1.20954,1.17329,0.43214,0.54726,0.44497,0.29414
5,28,1.23442,1.20758,1.17549,0.48238,0.5387,0.50266,0.33351
5,29,1.24021,1.18734,1.19587,0.39899,0.50956,0.43277,0.27738
5,30,1.22015,1.16498,1.16657,0.4704,0.58468,0.51155,0.33298
5,31,1.25196,1.16467,1.18359,0.47453,0.56351,0.48432,0.3203
5,32,1.20159,1.16306,1.16218,0.42468,0.48827,0.42067,0.25188
5,33,1.18695,1.14796,1.15335,0.43077,0.42727,0.39526,0.24677
5,34,1.18148,1.15368,1.15825,0.39566,0.54711,0.43542,0.286
5,35,1.19014,1.13212,1.1553,0.37127,0.45093,0.38536,0.24236
5,36,1.21895,1.13838,1.16745,0.41778,0.54631,0.46468,0.28998
5,37,1.1809,1.11278,1.14567,0.408,0.53167,0.42809,0.26657
5,38,1.20226,1.12452,1.16364,0.3782,0.54169,0.40049,0.24754
5,39,1.20032,1.11173,1.17059,0.44464,0.5253,0.44637,0.28365
5,40,1.19039,1.11287,1.15942,0.44771,0.52575,0.45245,0.26968
5,41,1.20953,1.11603,1.17341,0.3776,0.56226,0.44694,0.30114
5,42,1.17423,1.09504,1.15723,0.39948,0.51936,0.44711,0.26299
5,43,1.16185,1.0866,1.14509,0.42568,0.57602,0.46122,0.29704
5,44,1.16976,1.08631,1.14831,0.37418,0.52336,0.42319,0.24443
5,45,1.15161,1.0548,1.13946,0.51035,0.54394,0.54923,0.36919
5,46,1.18776,1.05606,1.15561,0.53046,0.55344,0.5653,0.33755
5,47,1.16417,1.05695,1.14333,0.39998,0.48734,0.41359,0.27575
5,48,1.15401,1.0481,1.1324,0.48878,0.55364,0.56595,0.31767
5,49,1.17099,1.06494,1.14889,0.43723,0.53601,0.4453,0.30099
5,50,1.14454,1.04065,1.13045,0.57263,0.59818,0.60284,0.36818
5,51,1.1474,1.02358,1.13129,0.49578,0.59094,0.54645,0.30954
5,52,1.12679,1.03462,1.13155,0.53771,0.55182,0.54862,0.37115
5,53,1.14957,1.03227,1.13757,0.46795,0.59727,0.56364,0.36864
5,54,1.13226,1.0282,1.13031,0.48773,0.59146,0.55788,0.32032
5,55,1.12726,1.01074,1.12956,0.46346,0.58387,0.51377,0.27586
5,56,1.13512,1.01125,1.1395,0.54534,0.59214,0.57735,0.36172
5,57,1.13562,1.01551,1.13235,0.51327,0.64722,0.6059,0.39979
5,58,1.13447,1.02988,1.13482,0.57911,0.57725,0.61009,0.4242
5,59,1.12978,0.99313,1.12895,0.54642,0.62788,0.61664,0.40171
5,60,1.11105,0.96889,1.11562,0.51741,0.56085,0.54568,0.36781
5,61,1.11431,0.97161,1.11471,0.53684,0.57839,0.57338,0.39582
5,62,1.10087,0.96312,1.1197,0.60322,0.60814,0.62944,0.3882
5,63,1.09807,0.96419,1.11176,0.55304,0.55075,0.55316,0.29664
5,64,1.09033,0.97058,1.11703,0.54391,0.60174,0.59047,0.39856
5,65,1.10937,0.97152,1.12521,0.60866,0.61321,0.62887,0.37627
5,66,1.09816,0.95558,1.10606,0.55048,0.56727,0.5689,0.36963
5,67,1.09525,0.95637,1.11688,0.57312,0.57087,0.57837,0.37386
5,68,1.086,0.94814,1.10714,0.59302,0.59685,0.61982,0.38251
5,69,1.08928,0.93833,1.11103,0.58064,0.59418,0.62192,0.39836
5,70,1.10144,0.94991,1.11892,0.6019,0.58498,0.63682,0.41829
5,71,1.09325,0.93322,1.11985,0.58029,0.5999,0.60289,0.41259
5,72,1.08341,0.93722,1.10667,0.56421,0.61146,0.6033,0.40434
5,73,1.10989,0.93513,1.11526,0.60707,0.61345,0.64641,0.38126
5,74,1.08217,0.9139,1.09884,0.63049,0.61067,0.65524,0.39494
5,75,1.0744,0.92834,1.09732,0.59135,0.66997,0.66079,0.39737
5,76,1.08763,0.90913,1.1055,0.60905,0.61467,0.64961,0.4515
5,77,1.06843,0.92394,1.09828,0.60236,0.66028,0.66393,0.40862
5,78,1.06452,0.91332,1.09605,0.54867,0.64493,0.60402,0.38698
5,79,1.07387,0.90959,1.10057,0.61261,0.61276,0.64404,0.42932
5,80,1.07107,0.91339,1.09738,0.62389,0.62167,0.65773,0.42823
5,81,1.04705,0.88102,1.08684,0.54613,0.66567,0.62441,0.40732
5,82,1.05227,0.90853,1.09839,0.59951,0.64362,0.65218,0.43899
5,83,1.05311,0.88817,1.09215,0.61912,0.63235,0.65791,0.45192
5,84,1.04508,0.88058,1.08506,0.63722,0.60845,0.65473,0.45426
5,85,1.05722,0.89432,1.09099,0.63085,0.63405,0.65706,0.45002
5,86,1.05468,0.88537,1.09906,0.60868,0.64996,0.66714,0.45741
5,87,1.04959,0.88053,1.08701,0.61504,0.62227,0.64832,0.42545
5,88,1.0519,0.8633,1.0882,0.63115,0.63381,0.65924,0.42878
5,89,1.0403,0.87419,1.08068,0.6323,0.65227,0.6791,0.44087
5,90,1.05304,0.85737,1.12768,0.61896,0.61397,0.6518,0.43078
5,91,1.02084,0.85796,1.12488,0.63971,0.65258,0.68448,0.44798
5,92,1.01462,0.83457,1.10814,0.58186,0.6946,0.68949,0.45325
5,93,1.00208,0.83763,1.10946,0.6088,0.68475,0.70168,0.46144
5,94,0.99632,0.81697,1.09742,0.62386,0.66405,0.70203,0.45685
5,95,0.99392,0.81999,1.10375,0.6483,0.64588,0.70474,0.46528
5,96,1.00067,0.81535,1.09726,0.65517,0.64999,0.7085,0.47526
5,97,0.99114,0.81475,1.1066,0.6618,0.6421,0.70189,0.45676
5,98,0.99194,0.81841,1.11095,0.65572,0.62971,0.70129,0.45764
5,99,0.98204,0.8092,1.0938,0.65781,0.64255,0.70478,0.47237
6,0,2.11181,3.21682,1.74261,0.58829,0.14021,0.09973,0.05071
6,1,1.65662,2.13702,1.37523,0.18719,0.37786,0.22261,0.11124
6,2,1.52962,1.82418,1.31722,0.38702,0.3884,0.23567,0.10559
6,3,1.52167,1.79147,1.31134,0.42326,0.40822,0.29774,0.1711
6,4,1.49426,1.76298,1.29838,0.41668,0.37409,0.28326,0.1513
6,5,1.41754,1.66853,1.25657,0.45696,0.39608,0.31341,0.17659
6,6,1.44283,1.66577,1.28415,0.41937,0.39036,0.31275,0.19187
6,7,1.3964,1.58098,1.25945,0.49768,0.44657,0.35674,0.23069
6,8,1.39704,1.54475,1.24888,0.34046,0.45483,0.33338,0.16434
6,9,1.37135,1.52257,1.24212,0.30755,0.49115,0.34846,0.2033
6,10,1.34822,1.47896,1.21909,0.34459,0.44682,0.35649,0.21042
6,11,1.3181,1.43883,1.21169,0.52431,0.47895,0.39184,0.24087
6,12,1.33289,1.43236,1.2245,0.49069,0.48267,0.36783,0.20923
6,13,1.33323,1.42335,1.21569,0.47928,0.50539,0.37619,0.18762
6,14,1.29521,1.34942,1.19972,0.49508,0.49079,0.38871,0.24548
6,15,1.28096,1.37447,1.19534,0.51008,0.49278,0.38296,0.18637
6,16,1.30098,1.34641,1.20628,0.54372,0.49749,0.44587,0.24868
6,17,1.28466,1.31925,1.19451,0.39245,0.49971,0.4203,0.2342
6,18,1.29447,1.30781,1.19935,0.49676,0.45883,0.36136,0.20382
6,19,1.27185,1.29683,1.19207,0.35389,0.54443,0.42527,0.26526
6,20,1.2762,1.29655,1.19339,0.32949,0.53122,0.39324,0.22694
6,21,1.2853,1.30675,1.19655,0.53882,0.45883,0.4113,0.22365
6,22,1.27963,1.30385,1.19194,0.5849,0.4329,0.44338,0.25743
6,23,1.27702,1.26586,1.20058,0.42269,0.49355,0.47435,0.29228
6,24,1.25874,1.25136,1.18668,0.40067,0.52332,0.47229,0.2984
6,25,1.24807,1.23415,1.17419,0.56547,0.49452,0.45086,0.28259
6,26,1.25723,1.22934,1.19073,0.5856,0.47635,0.44982,0.21731
6,27,1.27072,1.23235,1.18651,0.66584,0.4652,0.51203,0.31561
6,28,1.22063,1.1999,1.16183,0.58441,0.49209,0.4793,0.3092
6,29,1.22432,1.20503,1.17029,0.42708,0.49291,0.48263,0.29798
6,30,1.19108,1.18884,1.15383,0.65728,0.49055,0.50631,0.28055
6,31,1.22197,1.18616,1.16374,0.58057,0.50229,0.48322,0.27769
6,32,1.22021,1.18383,1.17125,0.50519,0.54521,0.51347,0.28181
6,33,1.20544,1.15134,1.15258,0.64451,0.47788,0.50502,0.29297
6,34,1.18943,1.15191,1.15451,0.50699,0.53945,0.53426,0.34872
6,35,1.21682,1.14383,1.16452,0.42285,0.53095,0.48684,0.30999
6,36,1.20326,1.13905,1.16003,0.42512,0.6007,0.52142,0.33164
6,37,1.20333,1.13536,1.15086,0.34977,0.56248,0.45513,0.25113
6,38,1.19132,1.13477,1.15328,0.5041,0.48588,0.47169,0.26345
6,39,1.19096,1.13372,1.16199,0.51157,0.59428,0.5537,0.3396
6,40,1.17593,1.11854,1.15073,0.43979,0.58845,0.51712,0.32689
6,41,1.17096,1.10238,1.1453,0.48099,0.57023,0.51022,0.33157
6,42,1.16417,1.08841,1.14583,0.44904,0.6149,0.53183,0.30672
6,43,1.1789,1.07601,1.14419,0.51721,0.5992,0.57423,0.37837
6,44,1.17307,1.0918,1.14181,0.44088,0.56273,0.52435,0.3324
6,45,1.15151,1.06195,1.1361,0.4266,0.58633,0.49492,0.31992
6,46,1.14409,1.07585,1.1325,0.46653,0.614,0.5314,0.29805
6,47,1.17545,1.07789,1.14771,0.48171,0.56073,0.53921,0.35826
6,48,1.1558,1.04076,1.12899,0.52474,0.59869,0.57586,0.37539
6,49,1.12265,1.03938,1.11957,0.48078,0.57728,0.54372,0.34823
6,50,1.13126,1.04551,1.12523,0.59057,0.58912,0.61393,0.31445
6,51,1.15576,1.02142,1.13256,0.54747,0.6114,0.60297,0.36598
6,52,1.14812,1.04756,1.13747,0.54357,0.59542,0.58757,0.36117
6,53,1.14158,1.02599,1.13308,0.55186,0.61871,0.60824,0.40465
6,54,1.12153,1.02538,1.1148,0.62761,0.59362,0.6343,0.41904
6,55,1.12323,1.0128,1.12194,0.55307,0.6265,0.60623,0.32647
6,56,1.13193,1.01492,1.13108,0.54756,0.61774,0.59239,0.39684
6,57,1.14917,1.01464,1.12865,0.55612,0.61788,0.60439,0.40491
6,58,1.1129,1.00948,1.12086,0.60158,0.63482,0.65372,0.43137
6,59,1.12125,0.9851,1.11601,0.58149,0.65185,0.64594,0.42669
6,60,1.10835,0.97376,1.11498,0.5933,0.66858,0.64439,0.38749
6,61,1.10515,0.9645,1.11049,0.57102,0.66528,0.64697,0.43447
6,62,1.10633,0.95212,1.11479,0.56368,0.67471,0.64091,0.40113
6,63,1.08753,0.97086,1.09844,0.53767,0.66173,0.61393,0.32557
6,64,1.11046,0.97609,1.12419,0.56676,0.65198,0.64011,0.40323
6,65,1.11102,0.96354,1.12005,0.59484,0.64802,0.66583,0.4324
6,66,1.09546,0.95162,1.09922,0.63522,0.63467,0.67607,0.45857
6,67,1.11218,0.96496,1.12111,0.64105,0.63818,0.67526,0.45414
6,68,1.08879,0.93085,1.10406,0.68341,0.63029,0.68013,0.43245
6,69,1.0892,0.94891,1.10812,0.63327,0.64119,0.66809,0.42244
6,70,1.08003,0.93593,1.10415,0.56557,0.681,0.65282,0.40114
6,71,1.073,0.93284,1.09581,0.5419,0.68324,0.65179,0.40275
6,72,1.07884,0.93897,1.10215,0.61197,0.6208,0.65286,0.44232
6,73,1.09951,0.92236,1.10916,0.56586,0.68964,0.67718,0.41617
6,74,1.08147,0.91689,1.09869,0.58631,0.66483,0.67009,0.45032
6,75,1.05793,0.92858,1.09395,0.60877,0.64356,0.65753,0.40422
6,76,1.07469,0.91248,1.09363,0.63385,0.66028,0.67696,0.416
6,77,1.07721,0.92837,1.10282,0.63969,0.66218,0.68831,0.41098
6,78,1.05294,0.91104,1.08962,0.61509,0.62466,0.6724,0.43545
6,79,1.07529,0.91292,1.09569,0.57889,0.71508,0.67186,0.42621
6,80,1.07604,0.9191,1.0934,0.65392,0.64091,0.69596,0.45328
6,81,1.0533,0.88929,1.08123,0.59861,0.66892,0.66848,0.45467
6,82,1.04521,0.89393,1.08957,0.60068,0.67057,0.66947,0.41686
6,83,1.06708,0.89301,1.09526,0.60627,0.70662,0.70305,0.47935
6,84,1.05355,0.88952,1.08415,0.62552,0.70265,0.70309,0.47566
6,85,1.04921,0.88203,1.08612,0.72475,0.62065,0.71029,0.46232
6,86,1.03432,0.87778,1.0879,0.6532,0.68366,0.70662,0.47663
6,87,1.0358,0.88741,1.07808,0.66546,0.67211,0.70716,0.46086
6,88,1.04863,0.87528,1.0832,0.63497,0.67489,0.70024,0.46345
6,89,1.03374,0.87484,1.07368,0.66323,0.64935,0.70314,0.45253
6,90,1.04049,0.86271,1.1151,0.61498,0.69638,0.6957,0.46979
6,91,1.0274,0.85607,1.12481,0.63749,0.69498,0.71518,0.46625
6,92,1.00897,0.83309,1.10567,0.62693,0.71443,0.70326,0.45842
6,93,0.99432,0.82448,1.09985,0.62167,0.71313,0.7062,0.46985
6,94,0.98992,0.81504,1.09193,0.67039,0.68867,0.71906,0.47044
6,95,1.00282,0.82745,1.09992,0.61868,0.74335,0.72303,0.46635
6,96,1.00087,0.81041,1.09192,0.64811,0.69256,0.71726,0.4797
6,97,0.98389,0.81367,1.09288,0.65384,0.69699,0.72496,0.47747
6,98,0.99062,0.80987,1.10142,0.64399,0.70924,0.72833,0.47658
6,99,0.97805,0.80108,1.08751,0.64644,0.713,0.7251,0.48735
7,0,2.11123,3.1936,1.74953,0.60521,0.16547,0.12469,0.059
7,1,1.64102,2.09665,1.36303,0.34316,0.3267,0.2123,0.09046
7,2,1.55937,1.89204,1.33139,0.43016,0.36639,0.24538,0.09861
7,3,1.49942,1.81089,1.30258,0.4051,0.3641,0.25125,0.14956
7,4,1.47615,1.76145,1.2921,0.41568,0.37263,0.27449,0.15436
7,5,1.44254,1.69662,1.26826,0.42855,0.34319,0.30898,0.17891
7,6,1.43269,1.63871,1.27547,0.43647,0.40301,0.3014,0.16826
7,7,1.39938,1.57472,1.24997,0.42229,0.41975,0.28481,0.18375
7,8,1.41325,1.57544,1.25916,0.26781,0.40615,0.30387,0.1563
7,9,1.36274,1.50441,1.22303,0.44762,0.36432,0.3421,0.20523
7,10,1.35977,1.4625,1.22701,0.47721,0.41872,0.32964,0.19153
7,11,1.36458,1.51783,1.23671,0.44482,0.4877,0.34595,0.20534
7,12,1.35424,1.45251,1.22775,0.31975,0.48463,0.37062,0.21277
7,13,1.33802,1.41379,1.21516,0.45992,0.47274,0.3689,0.2364
7,14,1.30117,1.3775,1.19451,0.46634,0.42179,0.39464,0.21413
7,15,1.28177,1.35207,1.18891,0.46304,0.52644,0.41213,0.22547
7,16,1.30581,1.34021,1.20977,0.31895,0.46232,0.38689,0.2031
7,17,1.31449,1.3725,1.20819,0.3046,0.4781,0.3675,0.23525
7,18,1.30131,1.30621,1.1976,0.55199,0.43848,0.40094,0.25295
7,19,1.28583,1.30224,1.18947,0.47749,0.50204,0.38414,0.14724
7,20,1.2549,1.28308,1.18208,0.56353,0.4775,0.44775,0.26584
7,21,1.29057,1.31123,1.20098,0.55465,0.455,0.42559,0.27589
7,22,1.25385,1.28995,1.17564,0.40925,0.4171,0.29811,0.11456
7,23,1.25152,1.25928,1.18639,0.41944,0.31752,0.23378,0.1092
7,24,1.25565,1.2814,1.18539,0.36739,0.54005,0.42507,0.27597
7,25,1.23734,1.21864,1.1725,0.54203,0.45258,0.41103,0.25237
7,26,1.23117,1.20216,1.17839,0.53413,0.47506,0.43492,0.28746
7,27,1.3104,1.24104,1.21012,0.48692,0.42179,0.40166,0.20681
7,28,1.22536,1.18653,1.16038,0.48821,0.50462,0.41038,0.23182
7,29,1.2252,1.18747,1.16383,0.5394,0.47755,0.44305,0.26615
7,30,1.21887,1.16587,1.16026,0.51543,0.4498,0.39612,0.14206
7,31,1.21583,1.17971,1.16163,0.53668,0.50185,0.4546,0.28379
7,32,1.22917,1.17982,1.17886,0.52665,0.51249,0.46327,0.29123
7,33,1.20934,1.14339,1.15445,0.37133,0.6164,0.4532,0.28604
7,34,1.20167,1.14526,1.1602,0.41516,0.57759,0.50258,0.34263
7,35,1.20205,1.13014,1.15574,0.38638,0.58826,0.48248,0.30725
7,36,1.20373,1.1245,1.15789,0.55426,0.52107,0.47291,0.22793
7,37,1.2171,1.14983,1.15911,0.56052,0.52794,0.4633,0.2275
7,38,1.19563,1.14388,1.1511,0.36975,0.61565,0.48358,0.28069
7,39,1.17576,1.11852,1.1506,0.54474,0.51583,0.46428,0.19434
7,40,1.22066,1.10343,1.169,0.44055,0.60555,0.51135,0.34555
7,41,1.18883,1.097,1.15613,0.40572,0.58092,0.48381,0.29618
7,42,1.21794,1.11436,1.16816,0.41265,0.60568,0.52069,0.33169
7,43,1.17657,1.10023,1.13982,0.40369,0.60628,0.4895,0.30456
7,44,1.16932,1.11474,1.14235,0.39134,0.62879,0.49108,0.30707
7,45,1.16331,1.05776,1.14028,0.44098,0.58801,0.54086,0.35302
7,46,1.16322,1.05472,1.14095,0.40778,0.61039,0.52757,0.33201
7,47,1.16156,1.06119,1.13251,0.41886,0.64531,0.53186,0.29707
7,48,1.16916,1.03829,1.13544,0.55375,0.53344,0.52877,0.33572
7,49,1.18142,1.04536,1.15029,0.49568,0.61382,0.53567,0.33856
7,50,1.14303,1.04598,1.12738,0.38173,0.61861,0.49468,0.31391
7,51,1.14398,1.03871,1.12822,0.4447,0.61662,0.5328,0.34134
7,52,1.12421,1.04486,1.1295,0.46248,0.63769,0.55243,0.36387
7,53,1.15176,1.03199,1.13118,0.5333,0.54977,0.55267,0.33239
7,54,1.13192,1.0259,1.12222,0.51689,0.60016,0.55536,0.35766
7,55,1.14049,1.03023,1.12661,0.45882,0.65323,0.56306,0.30136
7,56,1.13508,1.04652,1.12425,0.48569,0.67912,0.58777,0.36114
7,57,1.12438,0.99789,1.11868,0.54608,0.5603,0.58859,0.38013
7,58,1.12446,1.00414,1.12408,0.47807,0.64685,0.58803,0.37208
7,59,1.11141,0.9789,1.11128,0.54913,0.58625,0.60162,0.39268
7,60,1.11335,0.97786,1.11244,0.51315,0.65892,0.60426,0.41
7,61,1.1374,0.99425,1.12436,0.52783,0.63513,0.60204,0.36407
7,62,1.1313,0.96773,1.12932,0.51856,0.61502,0.58941,0.33128
7,63,1.10596,0.97704,1.10413,0.51595,0.60934,0.58331,0.32088
7,64,1.11608,0.96528,1.12276,0.57339,0.56096,0.59053,0.34168
7,65,1.11319,0.96904,1.11672,0.52354,0.62799,0.61154,0.39121
7,66,1.10252,0.95703,1.10252,0.61354,0.55736,0.6143,0.42365
7,67,1.11378,0.96327,1.11761,0.5256,0.66343,0.62357,0.418
7,68,1.10238,0.9602,1.10345,0.5936,0.56331,0.60411,0.37314
7,69,1.09978,0.95017,1.10646,0.53282,0.64941,0.61874,0.40964
7,70,1.08934,0.9448,1.108,0.54546,0.64152,0.62763,0.42085
7,71,1.09707,0.9545,1.107,0.57352,0.59573,0.60193,0.39567
7,72,1.11354,0.9361,1.11335,0.5721,0.64352,0.63239,0.41278
7,73,1.10103,0.94325,1.11084,0.54581,0.65939,0.62606,0.39034
7,74,1.08124,0.91727,1.10061,0.55039,0.64347,0.62771,0.41809
7,75,1.098,0.9393,1.10863,0.56733,0.64933,0.63335,0.41742
7,76,1.09743,0.92958,1.10581,0.60361,0.58907,0.63211,0.42212
7,77,1.06945,0.92703,1.09377,0.55981,0.64091,0.63174,0.39606
7,78,1.07671,0.91642,1.09767,0.60955,0.59901,0.64091,0.40582
7,79,1.07486,0.9181,1.09328,0.6138,0.60717,0.64329,0.41641
7,80,1.06559,0.9091,1.09213,0.59297,0.64923,0.64999,0.42991
7,81,1.05673,0.89943,1.08415,0.61074,0.61,0.66036,0.43281
7,82,1.04421,0.8922,1.08427,0.609,0.66562,0.66589,0.42872
7,83,1.05932,0.8918,1.09248,0.63646,0.64175,0.67059,0.44524
7,84,1.06596,0.90231,1.0885,0.57695,0.66399,0.65705,0.45049
7,85,1.05208,0.88563,1.09088,0.60948,0.69017,0.67681,0.4474
7,86,1.04462,0.876,1.09076,0.62107,0.65788,0.67777,0.46467
7,87,1.05562,0.8801,1.0851,0.61624,0.68681,0.68043,0.45177
7,88,1.03779,0.87467,1.07605,0.63448,0.65765,0.68197,0.45688
7,89,1.05235,0.88163,1.08343,0.62801,0.66349,0.68667,0.46466
7,90,1.04147,0.86296,1.11604,0.61786,0.65368,0.66684,0.44807
7,91,1.03012,0.85606,1.12396,0.63317,0.64613,0.67556,0.46196
7,92,1.01804,0.8308,1.10705,0.66468,0.64142,0.68713,0.4665
7,93,1.0033,0.8418,1.11028,0.6395,0.64452,0.67991,0.44967
7,94,0.99549,0.82585,1.09381,0.64294,0.65987,0.68398,0.45569
7,95,0.99862,0.82244,1.09769,0.6499,0.65188,0.68636,0.44999
7,96,1.0067,0.819,1.09667,0.642,0.65208,0.69028,0.46292
7,97,0.98757,0.82071,1.09589,0.64613,0.6602,0.69254,0.46874
7,98,0.99359,0.82113,1.10557,0.64963,0.66573,0.69342,0.46003
7,99,0.99152,0.81627,1.09268,0.67285,0.6296,0.69348,0.47181
8,0,2.11546,3.22268,1.75499,0.60394,0.1344,0.07871,0.03179
8,1,1.63866,2.08035,1.38037,0.31485,0.37885,0.19295,0.0956
8,2,1.52691,1.83681,1.33341,0.38287,0.35713,0.20963,0.11337
8,3,1.4733,1.79101,1.3051,0.44741,0.35318,0.25089,0.13856
8,4,1.47062,1.73614,1.30468,0.34311,0.44976,0.2865,0.14036
8,5,1.42822,1.65162,1.28032,0.42328,0.41472,0.29829,0.15612
8,6,1.41081,1.65191,1.28472,0.37086,0.4078,0.25745,0.15151
8,7,1.40044,1.6018,1.25667,0.30344,0.52334,0.3356,0.18748
8,8,1.38557,1.52455,1.25082,0.48085,0.4317,0.33806,0.18299
8,9,1.38295,1.5362,1.25028,0.29408,0.46381,0.31432,0.17991
8,10,1.33422,1.50909,1.2307,0.47264,0.44879,0.34948,0.21217
8,11,1.36641,1.48851,1.24786,0.41205,0.37181,0.21712,0.1167
8,12,1.33322,1.41552,1.22448,0.30175,0.44827,0.32306,0.13781
8,13,1.31284,1.38874,1.21196,0.52445,0.46735,0.40821,0.24411
8,14,1.29204,1.36157,1.21099,0.50692,0.46679,0.38158,0.19818
8,15,1.30022,1.36897,1.20806,0.29692,0.54898,0.38934,0.24679
8,16,1.28976,1.35984,1.2116,0.52467,0.43062,0.40243,0.19868
8,17,1.28392,1.3103,1.19363,0.32897,0.53959,0.42302,0.26194
8,18,1.26762,1.30358,1.19447,0.3263,0.47592,0.38052,0.18916
8,19,1.27349,1.28852,1.19812,0.36399,0.5037,0.42388,0.269
8,20,1.26523,1.28136,1.19212,0.36799,0.45517,0.39108,0.2443
8,21,1.32754,1.28569,1.22111,0.52107,0.47305,0.398,0.23154
8,22,1.293,1.27859,1.21271,0.54702,0.44606,0.41825,0.26504
8,23,1.26596,1.2525,1.19876,0.36638,0.47904,0.42884,0.24422
8,24,1.23087,1.2609,1.17755,0.29524,0.46326,0.34133,0.20198
8,25,1.24912,1.23664,1.18121,0.39431,0.48545,0.45132,0.26057
8,26,1.21426,1.20154,1.17575,0.38548,0.46355,0.38863,0.23125
8,27,1.26037,1.21609,1.18732,0.56525,0.47079,0.44571,0.15968
8,28,1.23399,1.18954,1.17097,0.4021,0.51988,0.48845,0.31271
8,29,1.20203,1.17214,1.17233,0.36083,0.54576,0.44398,0.27411
8,30,1.20293,1.16123,1.15804,0.40344,0.52562,0.50757,0.32219
8,31,1.19919,1.15624,1.16368,0.56714,0.51074,0.45443,0.2743
8,32,1.22441,1.13754,1.17653,0.40019,0.49888,0.47021,0.28004
8,33,1.22729,1.13911,1.17017,0.36652,0.55389,0.43743,0.19855
8,34,1.21939,1.12508,1.1739,0.39244,0.54023,0.46655,0.28329
8,35,1.20608,1.12712,1.16371,0.4446,0.51456,0.48036,0.31065
8,36,1.18726,1.12586,1.15443,0.59679,0.49222,0.49641,0.2794
8,37,1.18688,1.12154,1.15316,0.39182,0.53327,0.47996,0.30531
8,38,1.16843,1.12634,1.14708,0.36464,0.56057,0.4422,0.28396
8,39,1.16398,1.08969,1.15839,0.47609,0.52023,0.49435,0.30438
8,40,1.18807,1.11107,1.15999,0.40308,0.59308,0.52617,0.32907
8,41,1.15781,1.09726,1.14838,0.43304,0.6168,0.51536,0.33659
8,42,1.16256,1.07936,1.14638,0.44084,0.54711,0.50886,0.32579
8,43,1.17876,1.07366,1.15207,0.43596,0.6001,0.53065,0.34995
8,44,1.1955,1.08388,1.16195,0.43294,0.65946,0.54192,0.3467
8,45,1.18323,1.06882,1.1545,0.42725,0.57518,0.48374,0.30335
8,46,1.14061,1.06086,1.13301,0.4078,0.59029,0.49108,0.31068
8,47,1.14947,1.06689,1.13843,0.48965,0.58697,0.52991,0.33393
8,48,1.17428,1.05342,1.13881,0.43326,0.60648,0.53961,0.31024
8,49,1.16286,1.0413,1.13918,0.463,0.64056,0.57363,0.36131
8,50,1.15928,1.03192,1.14085,0.47707,0.61476,0.56198,0.3624
8,51,1.14509,1.01637,1.12851,0.48099,0.56181,0.52359,0.29984
8,52,1.13431,1.01946,1.1355,0.48277,0.62049,0.55728,0.31044
8,53,1.14039,1.02314,1.13974,0.47301,0.65758,0.57736,0.38491
8,54,1.11798,1.01228,1.11797,0.49044,0.63219,0.57105,0.34829
8,55,1.11423,1.02163,1.119,0.58046,0.58211,0.60305,0.38736
8,56,1.11845,1.01984,1.11967,0.50514,0.63406,0.58591,0.36851
8,57,1.12497,1.01275,1.12497,0.55451,0.55452,0.5718,0.33136
8,58,1.11865,1.00207,1.12625,0.53413,0.60014,0.5696,0.37402
8,59,1.11095,0.98639,1.11905,0.51943,0.65286,0.61228,0.3946
8,60,1.13964,0.98371,1.12876,0.53483,0.61887,0.60565,0.40254
8,61,1.10997,0.97158,1.11881,0.47072,0.69994,0.60961,0.40664
8,62,1.10462,0.97702,1.11747,0.57042,0.57619,0.59232,0.32452
8,63,1.09289,0.97275,1.10303,0.54569,0.65285,0.62264,0.4103
8,64,1.12494,0.96756,1.13205,0.51435,0.65645,0.61926,0.40197
8,65,1.10968,0.95809,1.12544,0.58778,0.63052,0.63947,0.4048
8,66,1.08518,0.95052,1.10165,0.53742,0.68467,0.63765,0.4212
8,67,1.11009,0.94542,1.12755,0.53921,0.65586,0.62424,0.40848
8,68,1.09092,0.96421,1.11049,0.56884,0.61158,0.61845,0.36205
8,69,1.08359,0.94897,1.1055,0.54745,0.63953,0.63139,0.37523
8,70,1.07344,0.93219,1.10583,0.58436,0.65694,0.65141,0.39819
8,71,1.08924,0.94108,1.11001,0.55518,0.66219,0.65364,0.41322
8,72,1.08423,0.92069,1.10482,0.55694,0.68085,0.66053,0.43252
8,73,1.09298,0.94114,1.11339,0.55015,0.67838,0.65982,0.45271
8,74,1.07389,0.90625,1.09493,0.57459,0.66532,0.65141,0.40453
8,75,1.0681,0.92755,1.09951,0.57341,0.69169,0.65972,0.40825
8,76,1.07015,0.92768,1.09382,0.5809,0.6814,0.65089,0.44651
8,77,1.07255,0.9324,1.09985,0.51568,0.64912,0.61027,0.37868
8,78,1.05353,0.9057,1.09019,0.55942,0.68402,0.65139,0.43893
8,79,1.06127,0.91235,1.09348,0.58161,0.64719,0.65834,0.43486
8,80,1.05704,0.90174,1.0918,0.59542,0.6878,0.68487,0.45391
8,81,1.06518,0.9133,1.09531,0.59466,0.70624,0.68608,0.46305
8,82,1.03893,0.89599,1.09027,0.58375,0.7003,0.67586,0.43996
8,83,1.04529,0.88471,1.08642,0.63329,0.67394,0.69408,0.45464
8,84,1.06371,0.89097,1.09697,0.60616,0.67074,0.68291,0.47212
8,85,1.06658,0.89393,1.1113,0.58591,0.67735,0.68331,0.43699
8,86,1.02589,0.87489,1.08937,0.63697,0.63138,0.68225,0.46181
8,87,1.03748,0.8785,1.07845,0.59837,0.7068,0.6821,0.46303
8,88,1.0477,0.87698,1.08175,0.63325,0.68026,0.70543,0.4674
8,89,1.04467,0.87585,1.08024,0.62967,0.68011,0.70094,0.45519
8,90,1.02897,0.86407,1.11528,0.56829,0.71921,0.69469,0.46951
8,91,1.02438,0.85978,1.12224,0.59063,0.67119,0.67885,0.45749
8,92,1.00757,0.83298,1.10619,0.59595,0.69139,0.69653,0.45651
8,93,0.99645,0.8281,1.10633,0.6458,0.67198,0.6983,0.46658
8,94,0.99177,0.81733,1.09697,0.6145,0.69995,0.69704,0.46586
8,95,0.99132,0.82839,1.1015,0.58531,0.72102,0.69014,0.44118
8,96,0.99109,0.81902,1.09494,0.63105,0.6841,0.70351,0.46485
8,97,0.98949,0.81759,1.09997,0.62749,0.69235,0.70135,0.47361
8,98,0.98883,0.82105,1.10469,0.62871,0.69385,0.70858,0.48007
8,99,0.98375,0.81191,1.09839,0.6349,0.69507,0.70951,0.48202
9,0,2.1249,3.23253,1.74493,0.60467,0.13584,0.10776,0.04458
9,1,1.66464,2.14839,1.37117,0.32811,0.3036,0.1996,0.1024
9,2,1.55192,1.85986,1.32058,0.44054,0.11917,0.10349,0.03392
9,3,1.51256,1.81414,1.3048,0.42226,0.38595,0.29558,0.16901
9,4,1.50126,1.75416,1.29963,0.40624,0.36263,0.26449,0.14135
9,5,1.42284,1.64388,1.26663,0.43679,0.34041,0.28834,0.16068
9,6,1.41086,1.63415,1.26071,0.26458,0.41597,0.27103,0.14394
9,7,1.39126,1.57733,1.24426,0.33852,0.49635,0.30357,0.14626
9,8,1.36559,1.54553,1.24337,0.25331,0.49525,0.28095,0.12857
9,9,1.37684,1.55459,1.25033,0.50332,0.44275,0.36227,0.21791
9,10,1.34514,1.48094,1.22647,0.34058,0.42421,0.3172,0.17415
9,11,1.3456,1.46784,1.22284,0.50747,0.47115,0.40817,0.26084
9,12,1.3533,1.44144,1.22354,0.42563,0.49112,0.30054,0.16482
9,13,1.33002,1.41421,1.21547,0.41127,0.46833,0.38923,0.20203
9,14,1.32217,1.36943,1.21103,0.34337,0.51846,0.41131,0.25223
9,15,1.30966,1.38302,1.21302,0.56188,0.40328,0.39218,0.24078
9,16,1.29162,1.35349,1.20649,0.52343,0.43793,0.38423,0.23676
9,17,1.3014,1.38622,1.20465,0.44405,0.4637,0.41082,0.23487
9,18,1.29403,1.31149,1.19707,0.3964,0.47918,0.39763,0.23192
9,19,1.27064,1.29602,1.19033,0.5468,0.49639,0.4483,0.28704
9,20,1.29303,1.31801,1.19834,0.30534,0.49744,0.32332,0.17725
9,21,1.24218,1.29803,1.18567,0.34317,0.53752,0.43875,0.27996
9,22,1.24018,1.25821,1.18439,0.58651,0.47369,0.4417,0.29274
9,23,1.25061,1.22517,1.17617,0.61058,0.45985,0.45173,0.27792
9,24,1.24357,1.25045,1.1757,0.55605,0.46536,0.43696,0.26959
9,25,1.23505,1.23006,1.18146,0.4301,0.53157,0.41158,0.25921
9,26,1.27689,1.24159,1.19818,0.48297,0.5484,0.46328,0.22986
9,27,1.2854,1.23288,1.20452,0.61311,0.47581,0.48162,0.31341
9,28,1.22461,1.21661,1.17518,0.52893,0.45711,0.41568,0.25755
9,29,1.21693,1.20991,1.16902,0.43939,0.54696,0.51287,0.33376
9,30,1.23863,1.18784,1.17755,0.43211,0.49325,0.45181,0.27012
9,31,1.21938,1.21451,1.17186,0.33144,0.52731,0.40917,0.20372
9,32,1.20324,1.18063,1.16265,0.54745,0.51414,0.47439,0.26353
9,33,1.18896,1.16628,1.15097,0.44605,0.58228,0.52702,0.29243
9,34,1.21988,1.15174,1.17024,0.44206,0.62107,0.50152,0.33027
9,35,1.19497,1.14463,1.14599,0.58673,0.52259,0.50027,0.28592
9,36,1.19227,1.13908,1.1587,0.46285,0.5431,0.47123,0.21148
9,37,1.17732,1.15068,1.15169,0.49772,0.53908,0.49529,0.3241
9,38,1.18984,1.11849,1.14553,0.62035,0.50742,0.52732,0.34817
9,39,1.18032,1.11395,1.14656,0.51435,0.54089,0.52959,0.31333
9,40,1.17472,1.10545,1.14441,0.56649,0.5578,0.53634,0.29593
9,41,1.18581,1.12986,1.14445,0.51826,0.57984,0.56648,0.35136
9,42,1.1645,1.08897,1.13951,0.56835,0.59931,0.5911,0.3959
9,43,1.18698,1.08112,1.15883,0.55148,0.58577,0.58364,0.38462
9,44,1.16515,1.06626,1.13295,0.48604,0.59549,0.54536,0.33728
9,45,1.1578,1.06858,1.13444,0.43236,0.64214,0.52376,0.31433
9,46,1.17731,1.07747,1.15351,0.52484,0.57431,0.54383,0.30467
9,47,1.17702,1.07169,1.15784,0.55858,0.55478,0.5955,0.38952
9,48,1.16435,1.05636,1.13787,0.52718,0.60673,0.58747,0.35566
9,49,1.1396,1.05147,1.13845,0.55544,0.57136,0.5826,0.34432
9,50,1.13055,1.03337,1.11746,0.57112,0.61244,0.62649,0.42004
9,51,1.137,1.05886,1.1232,0.54302,0.60192,0.58276,0.3531
9,52,1.14381,1.05189,1.13001,0.47096,0.61751,0.57248,0.3286
9,53,1.15027,1.0213,1.13102,0.6085,0.58237,0.62083,0.40185
9,54,1.13297,1.03366,1.12404,0.53069,0.60865,0.60385,0.39012
9,55,1.12931,1.04521,1.1343,0.5358,0.61346,0.60454,0.39826
9,56,1.13052,1.01331,1.12539,0.50969,0.58807,0.56807,0.37137
9,57,1.10306,0.98958,1.11451,0.56001,0.6138,0.61689,0.34017
9,58,1.12604,1.01201,1.12369,0.57609,0.62462,0.62638,0.41823
9,59,1.1173,0.98488,1.1129,0.60094,0.63648,0.63857,0.43645
9,60,1.10357,0.98039,1.11496,0.5451,0.62408,0.62172,0.39152
9,61,1.10306,0.99239,1.11289,0.62825,0.62069,0.66595,0.44595
9,62,1.11034,1.01313,1.11357,0.56752,0.62282,0.63891,0.42922
9,63,1.09699,0.97431,1.10293,0.6023,0.57598,0.62667,0.40958
9,64,1.10395,0.98633,1.11207,0.64838,0.5942,0.65167,0.40259
9,65,1.10328,0.97085,1.11436,0.62314,0.59991,0.6482,0.41144
9,66,1.09974,0.96506,1.10232,0.6293,0.63289,0.66621,0.44507
9,67,1.08032,0.95668,1.10032,0.60416,0.61649,0.65275,0.3878
9,68,1.08203,0.93898,1.10006,0.62693,0.59287,0.6517,0.39553
9,69,1.08615,0.95016,1.10182,0.62184,0.59997,0.64662,0.40315
9,70,1.09222,0.94321,1.10078,0.59891,0.61331,0.63729,0.4129
9,71,1.09157,0.94206,1.10019,0.62109,0.6065,0.65272,0.42673
9,72,1.0991,0.9361,1.10824,0.58869,0.63951,0.66703,0.43096
9,73,1.07309,0.936,1.09682,0.62242,0.64777,0.68336,0.43981
9,74,1.0995,0.94482,1.10637,0.61292,0.6341,0.66742,0.44907
9,75,1.08192,0.93031,1.10211,0.59378,0.64759,0.65149,0.39984
9,76,1.06855,0.92683,1.09703,0.60754,0.64319,0.66542,0.37907
9,77,1.06954,0.92103,1.09367,0.61296,0.66444,0.68031,0.43784
9,78,1.05543,0.91412,1.09127,0.67406,0.63655,0.69851,0.46079
9,79,1.07218,0.91534,1.09011,0.63461,0.62076,0.6757,0.44189
9,80,1.06724,0.92298,1.09339,0.59836,0.66821,0.66908,0.42225
9,81,1.0509,0.90578,1.08539,0.61384,0.70074,0.68517,0.4408
9,82,1.07085,0.9084,1.10062,0.60608,0.66005,0.68061,0.46314
9,83,1.0522,0.89141,1.085,0.63263,0.65041,0.67855,0.44145
9,84,1.04656,0.90215,1.08593,0.63731,0.63573,0.68372,0.45543
9,85,1.05861,0.90584,1.09872,0.62317,0.64752,0.68027,0.45052
9,86,1.04677,0.88799,1.08312,0.6425,0.67534,0.68567,0.45424
9,87,1.03658,0.86494,1.07258,0.66634,0.65582,0.70257,0.47087
9,88,1.04059,0.89377,1.08088,0.66169,0.67051,0.69986,0.45537
9,89,1.04296,0.88313,1.08476,0.61874,0.69554,0.70139,0.45344
9,90,1.03002,0.87552,1.11719,0.64559,0.69057,0.69366,0.47561
9,91,1.00033,0.83753,1.09886,0.67511,0.62074,0.69629,0.44621
9,92,1.00812,0.8442,1.1058,0.68386,0.64646,0.71312,0.46401
9,93,1.00929,0.83081,1.10659,0.68806,0.64236,0.70837,0.44455
9,94,0.99568,0.8224,1.09495,0.65241,0.68196,0.7107,0.47316
9,95,0.99749,0.81957,1.09645,0.66073,0.69441,0.7115,0.45842
9,96,1.01432,0.8262,1.11818,0.67056,0.6835,0.71897,0.46692
9,97,0.98125,0.81263,1.09119,0.68398,0.6895,0.72767,0.48348
9,98,0.98409,0.81404,1.09883,0.69425,0.6953,0.72672,0.47275
9,99,0.98375,0.81721,1.09818,0.67178,0.70511,0.72633,0.48702
